{
    "pizza.converted.bdump3": {
        "full_path": "/home/olivi/han/dev/Pizza3/pizza/converted/bdump3.py",
        "local_path": "pizza/converted/bdump3.py",
        "url_anchor": "#pizza_converted_bdump3",
        "number_of_examples": 1
    },
    "pizza.converted.ldump3": {
        "full_path": "/home/olivi/han/dev/Pizza3/pizza/converted/ldump3.py",
        "local_path": "pizza/converted/ldump3.py",
        "url_anchor": "#pizza_converted_ldump3",
        "number_of_examples": 1
    },
    "pizza.converted.mdump3": {
        "full_path": "/home/olivi/han/dev/Pizza3/pizza/converted/mdump3.py",
        "local_path": "pizza/converted/mdump3.py",
        "url_anchor": "#pizza_converted_mdump3",
        "number_of_examples": 1
    },
    "pizza.converted.tdump3": {
        "full_path": "/home/olivi/han/dev/Pizza3/pizza/converted/tdump3.py",
        "local_path": "pizza/converted/tdump3.py",
        "url_anchor": "#pizza_converted_tdump3",
        "number_of_examples": 1
    },
    "pizza.data3_legacy": {
        "full_path": "/home/olivi/han/dev/Pizza3/pizza/data3_legacy.py",
        "local_path": "pizza/data3_legacy.py",
        "url_anchor": "#pizza_data3_legacy",
        "number_of_examples": 1
    },
    "pizza.data3": {
        "full_path": "/home/olivi/han/dev/Pizza3/pizza/data3.py",
        "local_path": "pizza/data3.py",
        "url_anchor": "#pizza_data3",
        "number_of_examples": 2
    },
    "pizza.dforcefield": {
        "full_path": "/home/olivi/han/dev/Pizza3/pizza/dforcefield.py",
        "local_path": "pizza/dforcefield.py",
        "url_anchor": "#pizza_dforcefield",
        "number_of_examples": 15
    },
    "pizza.dscript": {
        "full_path": "/home/olivi/han/dev/Pizza3/pizza/dscript.py",
        "local_path": "pizza/dscript.py",
        "url_anchor": "#pizza_dscript",
        "number_of_examples": 46
    },
    "pizza.dump3_legacy": {
        "full_path": "/home/olivi/han/dev/Pizza3/pizza/dump3_legacy.py",
        "local_path": "pizza/dump3_legacy.py",
        "url_anchor": "#pizza_dump3_legacy",
        "number_of_examples": 1
    },
    "pizza.dump3": {
        "full_path": "/home/olivi/han/dev/Pizza3/pizza/dump3.py",
        "local_path": "pizza/dump3.py",
        "url_anchor": "#pizza_dump3",
        "number_of_examples": 2
    },
    "pizza.forcefield": {
        "full_path": "/home/olivi/han/dev/Pizza3/pizza/forcefield.py",
        "local_path": "pizza/forcefield.py",
        "url_anchor": "#pizza_forcefield",
        "number_of_examples": 1
    },
    "pizza.generic": {
        "full_path": "/home/olivi/han/dev/Pizza3/pizza/generic.py",
        "local_path": "pizza/generic.py",
        "url_anchor": "#pizza_generic",
        "number_of_examples": 1
    },
    "pizza.group": {
        "full_path": "/home/olivi/han/dev/Pizza3/pizza/group.py",
        "local_path": "pizza/group.py",
        "url_anchor": "#pizza_group",
        "number_of_examples": 6
    },
    "pizza.private.mstruct": {
        "full_path": "/home/olivi/han/dev/Pizza3/pizza/private/mstruct.py",
        "local_path": "pizza/private/mstruct.py",
        "url_anchor": "#pizza_private_mstruct",
        "number_of_examples": 10
    },
    "pizza.private.utils": {
        "full_path": "/home/olivi/han/dev/Pizza3/pizza/private/utils.py",
        "local_path": "pizza/private/utils.py",
        "url_anchor": "#pizza_private_utils",
        "number_of_examples": 1
    },
    "pizza.raster": {
        "full_path": "/home/olivi/han/dev/Pizza3/pizza/raster.py",
        "local_path": "pizza/raster.py",
        "url_anchor": "#pizza_raster",
        "number_of_examples": 7
    },
    "pizza.region": {
        "full_path": "/home/olivi/han/dev/Pizza3/pizza/region.py",
        "local_path": "pizza/region.py",
        "url_anchor": "#pizza_region",
        "number_of_examples": 29
    },
    "pizza.script": {
        "full_path": "/home/olivi/han/dev/Pizza3/pizza/script.py",
        "local_path": "pizza/script.py",
        "url_anchor": "#pizza_script",
        "number_of_examples": 4
    }
}